"","IV","variable","n","mean","sd","share_above_td_threshold","share_above_rw_threshold","perc_misrep_td_threshold","perc_misrep_rw_threshold","data_type"
"1","IV: 
belemmering_ind: 0
","Ja",5445,0.46,0.162,0.09366391184573,0.240036730945822,-0.633608815426998,14.0036730945822,"real"
"2","IV: 
belemmering_ind: 1
","Ja",7200,0.511,0.143,0.104861111111111,0.31375,0.486111111111111,21.375,"real"
"3","IV: 
belemmering_ind: 0
","Ja",12645,0.489,0.153,0.10003954132068,0.28200869909055,0.00395413206801115,18.200869909055,"real_conditional"
"4","IV: 
belemmering_ind: 1
","Ja",12645,0.489,0.153,0.10003954132068,0.28200869909055,0.00395413206801115,18.200869909055,"real_conditional"
"5","IV: 
belemmering_ind: 0
","Ja",5012,0.605,0.09,0.0991620111731844,0.605147645650439,-0.0837988826815642,50.5147645650439,"synth"
"6","IV: 
belemmering_ind: 1
","Ja",7633,0.617,0.081,0.100615747412551,0.665007205554828,0.0615747412550757,56.5007205554828,"synth"
"7","IV: 
belemmering_ind: 0
","Ja",12508,0.612,0.085,0.0997761432683083,0.641029740965782,-0.0223856731691729,54.1029740965782,"synth_conditional"
"8","IV: 
belemmering_ind: 1
","Ja",12508,0.612,0.085,0.0997761432683083,0.641029740965782,-0.0223856731691729,54.1029740965782,"synth_conditional"
